Cement (component 1)(kg in a m^3 mixture),Blast Furnace Slag (component 2)(kg in a m^3 mixture),Fly Ash (component 3)(kg in a m^3 mixture),Water  (component 4)(kg in a m^3 mixture),Superplasticizer (component 5)(kg in a m^3 mixture),Coarse Aggregate  (component 6)(kg in a m^3 mixture),Fine Aggregate (component 7)(kg in a m^3 mixture),Age (day),"Concrete compressive strength(MPa, megapascals) "
540,0,0,162,2.5,1040,676,28,7.998.611.076
540,0,0,162,2.5,1055,676,28,61.887.365.759.999.900
332.5,142.5,0,228,0,932,594,270,40.269.535.256.000.000
332.5,142.5,0,228,0,932,594,365,41.052.779.992
198.6,132.4,0,192,0,978.4,825.5,360,44.296.075.096
266,114,0,228,0,932,670,90,47.029.847.436.000.000
380,95,0,,0,932,594,365,43.698.299.404
380,95,0,228,0,932,594,,36.447.769.788
266,114,0,228,0,932,670,28,45.854.290.856
475,0,0,228,0,932,594,28,3.928.978.986
198.6,132.4,0,192,,978.4,825.5,90,38.074.243.671.999.900
198.6,132.4,0,192,,978.4,825.5,28,28.021.683.592
427.5,47.5,0,228,0,932,594,270,4.301.296.026
190,190,0,228,,932,670,90,4.232.693.164
304,76,0,228,0,932,670,28,47.813.781.648
380,0,0,228,0,932,670,,52.908.319.811.999.900
139.6,209.4,0,192,,1047,806.9,90,39.358.047.983.999.900
342,38,0,228,0,932,670,365,56.141.962.252
380,95,0,228,,932,594,90,40.563.252.031.999.900
475,0,0,228,0,932,594,180,42.620.648.416
427.5,47.5,0,228,0,932,594,180,41.836.714.203.999.900
139.6,209.4,0,192,0,1047,806.9,28,2.823.748.958
139.6,209.4,0,192,0,1047,806.9,3,806.342.182
139.6,209.4,0,192,0,1047,806.9,180,44.207.822.168
380,0,0,228,0,932,670,365,52.516.697.443.999.900
380,0,0,228,,932,670,,53.300.631.656
380,95,0,228,0,932,594,270,4.115.137.506
342,38,0,228,0,932,670,180,521.243.856
427.5,47.5,0,228,0,932,594,28,37.427.515.183.999.900
475,0,0,228,0,932,594,7,3.860.376.124
304,76,0,228,,932,670,365,55.260.122.448
266,114,0,228,0,932,670,,52.908.319.811.999.900
198.6,132.4,0,192,0,978.4,825.5,180,41.719.503.284
475,0,0,228,0,932,594,270,42.131.120.456
190,190,0,228,0,932,670,,5.369.225.402.399.990
237.5,237.5,0,228,0,932,594,270,38.407.950.056.000.000
237.5,237.5,0,228,0,932,594,28,30.079.769.451.999.900
332.5,142.5,0,228,0,932,594,90,37.721.921.436
475,0,0,228,,932,594,90,42.229.026.048
237.5,237.5,0,228,0,932,594,,36.251.958.603.999.900
342,38,0,228,0,932,670,90,5.045.930.106
427.5,47.5,0,228,0,932,594,365,43.698.299.404
237.5,237.5,0,228,0,932,594,365,38.995.383.608
380,0,0,228,0,932,670,180,53.104.130.996
427.5,47.5,0,228,0,932,594,90,41.542.997.428
427.5,47.5,0,228,0,932,594,7,35.076.402.024
349,0,0,192,,1047,806.9,3,15.049.192.651.999.900
380,95,0,228,0,932,594,180,40.759.063.216
237.5,237.5,0,228,0,932,594,7,26.258.003.984
380,95,0,228,0,932,594,7,32.823.194.456
332.5,142.5,0,228,0,932,594,180,39.779.317.819.999.900
190,190,0,228,,932,670,180,46.931.941.843.999.900
237.5,237.5,0,228,0,932,594,90,33.116.911.232
304,76,0,228,0,932,670,90,49.185.149.411.999.900
139.6,209.4,0,192,0,1047,806.9,7,14.589.312.159.999.900
198.6,132.4,0,192,0,978.4,825.5,,14.638.264.955.999.900
475,0,0,228,0,932,594,365,41.934.619.796
198.6,132.4,0,192,0,978.4,825.5,3,9.131.420.144
304,76,0,228,0,932,670,180,5.094.882.902
332.5,142.5,0,228,0,932,594,28,33.019.005.639.999.900
304,76,0,228,0,932,670,270,54.378.282.643.999.900
266,114,0,228,0,932,670,270,51.732.763.231.999.900
310,0,0,192,0,971,850.6,3,986.640.156
190,190,0,228,0,932,670,270,50.655.112.243.999.900
266,114,0,228,0,932,670,,48.695.621.452
342,38,0,228,0,932,670,270,55.064.311.264
139.6,209.4,0,192,0,1047,806.9,360,44.698.039.603.999.900
332.5,142.5,0,228,0,932,594,7,30.275.580.636
190,190,0,228,0,932,670,28,40.856.968.808
485,0,0,146,0,1120,800,28,7.198.818.916
374,189.2,0,170.1,10.1,926.1,756.7,3,3.439.795.764
313.3,262.2,0,175.5,8.6,1046.9,611.8,,2.879.941.252
425,106.3,0,153.5,16.5,852.1,887.1,3,33.398.217.439.999.900
425,106.3,0,151.4,18.6,936,803.7,3,363.009.114
375,93.8,0,126.6,23.4,852.1,992.6,3,2.899.936.056
475,118.8,0,181.1,8.9,852.1,781.5,,3.779.707.432
469,117.2,0,137.8,32.2,852.1,840.5,3,401.964.508
425,106.3,0,153.5,16.5,852.1,887.1,3,33.398.217.439.999.900
388.6,97.1,0,157.9,12.1,852.1,925.7,,28.096.147
531.3,0,0,141.8,28.2,852.1,893.7,,412.996.124
425,106.3,0,153.5,16.5,852.1,887.1,3,33.398.217.439.999.900
318.8,212.5,0,155.7,14.3,852.1,880.4,3,252.003.478
401.8,94.7,0,147.4,11.4,946.8,852.1,,4.109.966.436
362.6,189,0,164.9,11.6,944.7,755.8,3,353.011.712
323.7,282.8,0,183.8,10.3,942.7,659.9,3,28.296.095.039.999.900
379.5,151.2,0,153.9,15.9,1134.3,605,,28.599.464.479.999.900
362.6,189,0,164.9,11.6,944.7,755.8,3,353.011.712
286.3,200.9,0,144.7,11.2,1004.6,803.7,,2.440.055.564
362.6,189,0,164.9,11.6,944.7,755.8,3,353.011.712
439,177,0,186,11.1,884.9,707.9,3,39.300.132
389.9,189,0,145.9,22,944.7,755.8,3,4.059.634.688
362.6,189,0,164.9,11.6,944.7,755.8,3,353.011.712
337.9,189,0,174.9,9.5,944.7,755.8,3,240.971.862
374,189.2,0,170.1,10.1,926.1,756.7,7,4.620.178.676
313.3,262.2,0,175.5,8.6,1046.9,611.8,7,4.279.577.532
425,106.3,0,153.5,16.5,852.1,887.1,7,4.920.100.736
425,106.3,0,151.4,18.6,936,803.7,7,4.680.163.088
375,93.8,0,126.6,23.4,852.1,992.6,7,4.569.846.928
475,118.8,0,181.1,8.9,852.1,781.5,7,5.559.934.464
469,117.2,0,137.8,32.2,852.1,840.5,,54.896.079.119.999.900
425,106.3,0,153.5,16.5,852.1,887.1,7,4.920.100.736
388.6,97.1,0,157.9,12.1,852.1,925.7,7,3.490.127.512
531.3,0,0,141.8,28.2,852.1,893.7,7,4.689.815.752
425,106.3,0,153.5,16.5,852.1,887.1,7,4.920.100.736
318.8,212.5,0,155.7,14.3,852.1,880.4,7,33.398.217.439.999.900
401.8,94.7,0,147.4,11.4,946.8,852.1,,5.409.628.696
362.6,189,0,164.9,11.6,944.7,755.8,7,5.589.581.932
323.7,282.8,0,183.8,10.3,942.7,659.9,7,4.980.085.148
379.5,151.2,0,153.9,15.9,1134.3,605,7,4.709.810.556
362.6,189,0,164.9,11.6,944.7,755.8,7,5.589.581.932
286.3,200.9,0,144.7,11.2,1004.6,803.7,7,37.997.022.359.999.900
362.6,189,0,164.9,11.6,944.7,755.8,,5.589.581.932
439,177,0,186,11.1,884.9,707.9,7,56.095.767.359.999.900
389.9,189,0,145.9,22,944.7,755.8,7,5.909.498.796
362.6,189,0,164.9,11.6,944.7,755.8,7,2.289.749.796
337.9,189,0,174.9,9.5,944.7,755.8,7,35.101.223.159.999.900
374,189.2,0,170.1,10.1,926.1,756.7,28,6.109.446.836
313.3,262.2,0,175.5,8.6,1046.9,611.8,,5.979.825.348
425,106.3,0,153.5,16.5,852.1,887.1,28,602.946.762
425,106.3,0,151.4,18.6,936,803.7,,61.797.733.879.999.900
375,93.8,0,126.6,23.4,852.1,992.6,,5.669.561.148
475,118.8,0,181.1,8.9,852.1,781.5,28,6.829.949.256
469,117.2,0,137.8,32.2,852.1,840.5,28,6.689.985.628
425,106.3,0,153.5,16.5,852.1,887.1,,602.946.762
388.6,97.1,0,157.9,12.1,852.1,925.7,28,5.069.717.028
531.3,0,0,141.8,28.2,852.1,893.7,28,563.991.368
425,106.3,0,153.5,16.5,852.1,887.1,28,602.946.762
318.8,212.5,0,155.7,14.3,852.1,880.4,28,55.495.923.239.999.900
401.8,94.7,0,147.4,11.4,946.8,852.1,28,684.994.406
362.6,189,0,164.9,11.6,944.7,755.8,28,7.129.871.315.999.990
323.7,282.8,0,183.8,10.3,942.7,659.9,28,7.469.782.984
379.5,151.2,0,153.9,15.9,1134.3,605,28,5.220.022.796
362.6,189,0,164.9,11.6,944.7,755.8,28,7.129.871.315.999.990
286.3,200.9,0,144.7,11.2,1004.6,803.7,28,6.769.964.844
362.6,189,0,164.9,11.6,944.7,755.8,28,7.129.871.315.999.990
439,177,0,186,11.1,884.9,707.9,28,6.599.664.272
389.9,189,0,145.9,22,944.7,755.8,28,744.978.818
362.6,189,0,164.9,11.6,944.7,755.8,28,7.129.871.315.999.990
337.9,189,0,174.9,9.5,944.7,755.8,28,4.989.737.812
374,189.2,0,170.1,10.1,926.1,756.7,56,633.973.182
313.3,262.2,0,175.5,8.6,1046.9,611.8,56,6.490.037.588
425,106.3,0,153.5,16.5,852.1,887.1,56,6.430.053.176
425,106.3,0,151.4,18.6,936,803.7,56,6.490.037.588
375,93.8,0,126.6,23.4,852.1,992.6,56,6.019.814.956
475,118.8,0,181.1,8.9,852.1,781.5,56,7.229.845.336
469,117.2,0,137.8,32.2,852.1,840.5,56,6.929.923.276
425,106.3,0,153.5,16.5,852.1,887.1,56,6.430.053.176
388.6,97.1,0,157.9,12.1,852.1,925.7,56,5.519.944.856
531.3,0,0,141.8,28.2,852.1,893.7,56,58.798.513.279.999.900
425,106.3,0,153.5,16.5,852.1,887.1,56,6.430.053.176
318.8,212.5,0,155.7,14.3,852.1,880.4,56,6.610.006.412
401.8,94.7,0,147.4,11.4,946.8,852.1,56,7.369.808.963.999.990
362.6,189,0,164.9,11.6,944.7,755.8,56,7.729.715.436
323.7,282.8,0,183.8,10.3,942.7,659.9,56,8.019.984.832
379.5,151.2,0,153.9,15.9,1134.3,605,56,54.896.079.119.999.900
362.6,189,0,164.9,11.6,944.7,755.8,56,7.729.715.436
286.3,200.9,0,144.7,11.2,1004.6,803.7,56,7.299.482.412
362.6,189,0,164.9,11.6,944.7,755.8,56,7.729.715.436
439,177,0,186,11.1,884.9,707.9,56,7.169.860.924
389.9,189,0,145.9,22,944.7,755.8,56,7.940.005.615.999.990
362.6,189,0,164.9,11.6,944.7,755.8,56,7.729.715.436
337.9,189,0,174.9,9.5,944.7,755.8,56,5.989.478.012
374,189.2,0,170.1,10.1,926.1,756.7,91,6.490.037.588
313.3,262.2,0,175.5,8.6,1046.9,611.8,91,6.659.648.684
425,106.3,0,153.5,16.5,852.1,887.1,91,6.519.685.056
425,106.3,0,151.4,18.6,936,803.7,91,6.669.990.824
375,93.8,0,126.6,23.4,852.1,992.6,91,625.009.994
475,118.8,0,181.1,8.9,852.1,781.5,91,7.419.451.236
469,117.2,0,137.8,32.2,852.1,840.5,91,7.069.886.903.999.990
425,106.3,0,153.5,16.5,852.1,887.1,91,6.519.685.056
388.6,97.1,0,157.9,12.1,852.1,925.7,91,5.759.882.504
531.3,0,0,141.8,28.2,852.1,893.7,91,5.919.840.936
425,106.3,0,153.5,16.5,852.1,887.1,91,6.519.685.056
318.8,212.5,0,155.7,14.3,852.1,880.4,91,6.809.954.452
401.8,94.7,0,147.4,11.4,946.8,852.1,91,7.549.762.199.999.990
362.6,189,0,164.9,11.6,944.7,755.8,91,7.929.663.476
379.5,151.2,0,153.9,15.9,1134.3,605,91,5.649.566.344
362.6,189,0,164.9,11.6,944.7,755.8,91,7.929.663.476
286.3,200.9,0,144.7,11.2,1004.6,803.7,91,7.680.073.164
362.6,189,0,164.9,11.6,944.7,755.8,91,7.929.663.476
439,177,0,186,11.1,884.9,707.9,91,7.329.819.356
389.9,189,0,145.9,22,944.7,755.8,91,825.992.248
362.6,189,0,164.9,11.6,944.7,755.8,91,7.929.663.476
337.9,189,0,174.9,9.5,944.7,755.8,91,6.779.617.508
222.36,0,96.67,189.29,4.46,967.08,870.32,3,1.157.630.204
222.36,0,96.67,189.29,4.46,967.08,870.32,14,2.444.881.896
222.36,0,96.67,189.29,4.46,967.08,870.32,28,248.900.836
222.36,0,96.67,189.29,4.46,967.08,870.32,56,29.447.519.959.999.900
222.36,0,96.67,189.29,4.46,967.08,870.32,100,407.135.578
233.81,0,94.58,197.89,4.567,947.04,852.16,3,1.038.350.856
233.81,0,94.58,197.89,4.567,947.04,852.16,14,2.213.907.436
233.81,0,94.58,197.89,4.567,947.04,852.16,28,2.283.544.512
233.81,0,94.58,197.89,4.567,947.04,852.16,56,2.766.177.712
233.81,0,94.58,197.89,4.567,947.04,852.16,100,3.455.653.712
194.68,0,100.52,165.62,7.48,1006.4,905.9,3,1.245.193.656
194.68,0,100.52,165.62,7.48,1006.4,905.9,14,24.986.610.239.999.900
194.68,0,100.52,165.62,7.48,1006.4,905.9,28,2.572.434.956
194.68,0,100.52,165.62,7.48,1006.4,905.9,56,33.963.587.759.999.900
194.68,0,100.52,165.62,7.48,1006.4,905.9,100,3.734.202.016
190.68,0,125.4,162.14,7.77,1090,804.01,3,1.504.436.632
190.68,0,125.4,162.14,7.77,1090,804.01,14,21.063.491.799.999.900
190.68,0,125.4,162.14,7.77,1090,804.01,28,2.640.003.604
190.68,0,125.4,162.14,7.77,1090,804.01,56,3.534.253.976
190.68,0,125.4,162.14,7.77,1090,804.01,100,4.056.876.784
212.07,0,121.62,180.31,5.69,1057.6,779.32,3,1.247.262.084
212.07,0,121.62,180.31,5.69,1057.6,779.32,14,2.091.870.184
212.07,0,121.62,180.31,5.69,1057.6,779.32,28,2.490.387.312
212.07,0,121.62,180.31,5.69,1057.6,779.32,56,3.420.490.436
212.07,0,121.62,180.31,5.69,1057.6,779.32,100,396.103.962
229.97,0,118.31,195.47,4.63,1029.4,758.59,3,100.318.758
229.97,0,118.31,195.47,4.63,1029.4,758.59,14,2.008.443.588
229.97,0,118.31,195.47,4.63,1029.4,758.59,28,24.483.292.759.999.900
229.97,0,118.31,195.47,4.63,1029.4,758.59,56,3.153.663.224
229.97,0,118.31,195.47,4.63,1029.4,758.59,100,3.534.253.976
190.34,0,125.18,161.85,9.88,1088.1,802.59,3,94.458.212
190.34,0,125.18,161.85,9.88,1088.1,802.59,14,22.718.234.199.999.900
190.34,0,125.18,161.85,9.88,1088.1,802.59,28,2.846.846.404
190.34,0,125.18,161.85,9.88,1088.1,802.59,56,3.856.239.268
190.34,0,125.18,161.85,9.88,1088.1,802.59,100,4.038.950.408
166.09,0,163.27,176.46,4.49,1058.6,780.09,3,1.076.272.036
166.09,0,163.27,176.46,4.49,1058.6,780.09,14,2.548.303.296
166.09,0,163.27,176.46,4.49,1058.6,780.09,28,2.153.923.024
166.09,0,163.27,176.46,4.49,1058.6,780.09,56,2.862.704.352
166.09,0,163.27,176.46,4.49,1058.6,780.09,100,335.430.074
167.95,42.08,163.83,121.75,5.72,1058.7,780.11,3,774.971.024
167.95,42.08,163.83,121.75,5.72,1058.7,780.11,14,178.229.546
167.95,42.08,163.83,121.75,5.72,1058.7,780.11,28,2.424.197.616
167.95,42.08,163.83,121.75,5.72,1058.7,780.11,56,328.535.314
167.95,42.08,163.83,121.75,5.72,1058.7,780.11,100,392.311.844
213.72,98.05,24.51,181.71,6.86,1065.8,785.38,3,179.953.236
213.72,98.05,24.51,181.71,6.86,1065.8,785.38,14,3.038.520.732
213.72,98.05,24.51,181.71,6.86,1065.8,785.38,28,4.570.536.404
213.72,98.05,24.51,181.71,6.86,1065.8,785.38,56,5.077.301.264
213.72,98.05,24.51,181.71,6.86,1065.8,785.38,100,5.390.323.368
213.76,98.06,24.52,181.74,6.65,1066,785.52,3,1.318.278.112
213.76,98.06,24.52,181.74,6.65,1066,785.52,14,1.783.674.412
213.76,98.06,24.52,181.74,6.65,1066,785.52,28,402.309.246
213.76,98.06,24.52,181.74,6.65,1066,785.52,56,4.713.257.936
213.76,98.06,24.52,181.74,6.65,1066,785.52,100,49.973.220.479.999.900
229.68,0,118.16,195.23,6.13,1028.1,757.63,3,1.335.515.012
229.68,0,118.16,195.23,6.13,1028.1,757.63,14,2.231.833.812
229.68,0,118.16,195.23,6.13,1028.1,757.63,28,2.453.845.084
229.68,0,118.16,195.23,6.13,1028.1,757.63,56,3.135.047.372
229.68,0,118.16,195.23,6.13,1028.1,757.63,100,4.085.834.776
238.05,0,94.11,186.66,7,949.91,847.01,3,1.993.275.116
238.05,0,94.11,186.66,7,949.91,847.01,14,2.568.987.576
238.05,0,94.11,186.66,7,949.91,847.01,28,302.335.226
238.05,0,94.11,186.66,7,949.91,847.01,56,3.958.971.192
238.05,0,94.11,186.66,7,949.91,847.01,100,44.298.833
250,0,95.69,187.42,5.53,956.86,861.17,3,13.817.099.039.999.900
250,0,95.69,187.42,5.53,956.86,861.17,14,2.491.766.264
250,0,95.69,187.42,5.53,956.86,861.17,28,2.921.999.288
250,0,95.69,187.42,5.53,956.86,861.17,56,3.832.797.084
250,0,95.69,187.42,5.53,956.86,861.17,100,42.347.615.919.999.900
212.52,0,100.37,159.32,8.71,1007.8,903.59,3,1.354.130.864
212.52,0,100.37,159.32,8.71,1007.8,903.59,14,26.310.404.159.999.900
212.52,0,100.37,159.32,8.71,1007.8,903.59,28,31.640.053.639.999.900
212.52,0,100.37,159.32,8.71,1007.8,903.59,56,4.254.756.396
212.52,0,100.37,159.32,8.71,1007.8,903.59,100,42.919.881
212.57,0,100.39,159.35,10.37,1003.8,903.79,3,1.333.446.584
212.57,0,100.39,159.35,10.37,1003.8,903.79,14,253.727.168
212.57,0,100.39,159.35,10.37,1003.8,903.79,28,37.404.073
212.57,0,100.39,159.35,10.37,1003.8,903.79,56,44.395.359.639.999.900
212.57,0,100.39,159.35,10.37,1003.8,903.79,100,47.739.318.239.999.900
212,0,124.78,159,7.84,1085.4,799.54,3,19.519.065.559.999.900
212,0,124.78,159,7.84,1085.4,799.54,14,3.135.047.372
212,0,124.78,159,7.84,1085.4,799.54,28,38.500.339.839.999.900
212,0,124.78,159,7.84,1085.4,799.54,56,4.508.483.564
212,0,124.78,159,7.84,1085.4,799.54,100,478.151.606
231.75,0,121.62,173.96,6.72,1056.4,778.45,3,1.543.736.764
231.75,0,121.62,173.96,6.72,1056.4,778.45,14,2.677.235.308
231.75,0,121.62,173.96,6.72,1056.4,778.45,28,3.372.916.592
231.75,0,121.62,173.96,6.72,1056.4,778.45,56,4.269.924.868
231.75,0,121.62,173.96,6.72,1056.4,778.45,100,4.583.636.448
251.37,0,118.27,188.45,5.75,1028.4,757.73,3,1.722.311.048
251.37,0,118.27,188.45,5.75,1028.4,757.73,14,2.993.015.316
251.37,0,118.27,188.45,5.75,1028.4,757.73,28,29.654.362.759.999.900
251.37,0,118.27,188.45,5.75,1028.4,757.73,56,3.696.970.312
251.37,0,118.27,188.45,5.75,1028.4,757.73,100,4.358.177.796
251.37,0,118.27,188.45,6.35,1028.4,757.73,3,1.312.072.828
251.37,0,118.27,188.45,6.35,1028.4,757.73,14,2.442.813.468
251.37,0,118.27,188.45,6.35,1028.4,757.73,28,3.266.047.812
251.37,0,118.27,188.45,6.35,1028.4,757.73,56,3.663.875.464
251.37,0,118.27,188.45,6.35,1028.4,757.73,100,44.209.201.119.999.900
181.38,0,167.01,169.59,7.56,1055.6,777.8,3,1.362.404.576
181.38,0,167.01,169.59,7.56,1055.6,777.8,14,21.601.283.079.999.900
181.38,0,167.01,169.59,7.56,1055.6,777.8,28,2.777.209.328
181.38,0,167.01,169.59,7.56,1055.6,777.8,56,35.570.066.839.999.900
181.38,0,167.01,169.59,7.56,1055.6,777.8,100,453.675.208
182.04,45.21,121.97,170.21,8.19,1059.4,780.65,3,73.153.403.599.999.900
182.04,45.21,121.97,170.21,8.19,1059.4,780.65,14,21.504.756.439.999.900
182.04,45.21,121.97,170.21,8.19,1059.4,780.65,28,312.677.366
182.04,45.21,121.97,170.21,8.19,1059.4,780.65,56,4.349.904.084
182.04,45.21,121.97,170.21,8.19,1059.4,780.65,100,4.867.011.084
168.88,42.22,124.25,158.33,10.83,1080.8,796.15,3,73.980.774.799.999.900
168.88,42.22,124.25,158.33,10.83,1080.8,796.15,14,235.111.316
168.88,42.22,124.25,158.33,10.83,1080.8,796.15,28,3.111.605.188
168.88,42.22,124.25,158.33,10.83,1080.8,796.15,56,3.914.844.728
168.88,42.22,124.25,158.33,10.83,1080.8,796.15,100,4.815.300.384
290.35,0,96.18,168.08,9.41,961.18,865,3,2.250.449.664
290.35,0,96.18,168.08,9.41,961.18,865,14,3.467.374.804
290.35,0,96.18,168.08,9.41,961.18,865,28,3.473.580.088
290.35,0,96.18,168.08,9.41,961.18,865,56,4.508.483.564
290.35,0,96.18,168.08,9.41,961.18,865,100,4.897.348.028
277.05,0,97.39,160.6,11.83,973.9,875.61,3,2.313.881.456
277.05,0,97.39,160.6,11.83,973.9,875.61,14,41.885.667
277.05,0,97.39,160.6,11.83,973.9,875.61,28,4.828.400.428
277.05,0,97.39,160.6,11.83,973.9,875.61,56,5.103.501.352
277.05,0,97.39,160.6,11.83,973.9,875.61,100,556.407.132
295.71,0,95.64,171.54,8.87,955.14,859.2,3,2.294.576.128
295.71,0,95.64,171.54,8.87,955.14,859.2,14,352.322.236
295.71,0,95.64,171.54,8.87,955.14,859.2,28,3.994.134.468
295.71,0,95.64,171.54,8.87,955.14,859.2,56,48.718.374.159.999.900
295.71,0,95.64,171.54,8.87,955.14,859.2,100,5.204.164.848
251.81,0,99.94,146.14,12.35,1006,899.76,3,2.102.212.324
251.81,0,99.94,146.14,12.35,1006,899.76,14,3.335.684.888
251.81,0,99.94,146.14,12.35,1006,899.76,28,3.394.290.348
251.81,0,99.94,146.14,12.35,1006,899.76,56,4.414.025.352
251.81,0,99.94,146.14,12.35,1006,899.76,100,453.675.208
249.1,0,98.75,158.11,12.8,987.76,889.01,3,15.361.525.279.999.900
249.1,0,98.75,158.11,12.8,987.76,889.01,14,286.822.016
249.1,0,98.75,158.11,12.8,987.76,889.01,28,3.084.715.624
249.1,0,98.75,158.11,12.8,987.76,889.01,56,42.030.456.959.999.900
249.1,0,98.75,158.11,12.8,987.76,889.01,100,510.556.978
252.31,0,98.75,146.25,14.17,987.76,889.01,3,2.178.054.684
252.31,0,98.75,146.25,14.17,987.76,889.01,14,4.229.245.784
252.31,0,98.75,146.25,14.17,987.76,889.01,28,5.060.064.364
252.31,0,98.75,146.25,14.17,987.76,889.01,56,5.582.687.172
252.31,0,98.75,146.25,14.17,987.76,889.01,100,60.949.678.399.999.900
246.83,0,125.08,143.3,11.99,1086.8,800.89,3,2.352.492.112
246.83,0,125.08,143.3,11.99,1086.8,800.89,14,4.221.661.548
246.83,0,125.08,143.3,11.99,1086.8,800.89,28,525.035.974
246.83,0,125.08,143.3,11.99,1086.8,800.89,56,6.032.225.524
246.83,0,125.08,143.3,11.99,1086.8,800.89,100,6.642.411.784
275.07,0,121.35,159.48,9.9,1053.6,777.5,3,2.380.071.152
275.07,0,121.35,159.48,9.9,1053.6,777.5,14,3.876.923.548
275.07,0,121.35,159.48,9.9,1053.6,777.5,28,51.331.488.199.999.900
275.07,0,121.35,159.48,9.9,1053.6,777.5,56,56.847.296.199.999.900
275.07,0,121.35,159.48,9.9,1053.6,777.5,100,5.860.546
297.16,0,117.54,174.8,9.52,1022.8,753.45,3,2.191.154.728
297.16,0,117.54,174.8,9.52,1022.8,753.45,14,36.990.387.399.999.900
297.16,0,117.54,174.8,9.52,1022.8,753.45,28,47.401.475
297.16,0,117.54,174.8,9.52,1022.8,753.45,56,5.195.891.136
297.16,0,117.54,174.8,9.52,1022.8,753.45,100,567.438.748
213.74,0,174.74,154.79,10.16,1053.5,776.35,3,1.757.474.324
213.74,0,174.74,154.79,10.16,1053.5,776.35,14,3.372.916.592
213.74,0,174.74,154.79,10.16,1053.5,776.35,28,4.014.818.748
213.74,0,174.74,154.79,10.16,1053.5,776.35,56,466.430.514
213.74,0,174.74,154.79,10.16,1053.5,776.35,100,5.007.664.188
213.5,0,174.24,154.61,11.66,1052.3,775.48,3,1.736.790.044
213.5,0,174.24,154.61,11.66,1052.3,775.48,14,3.370.158.688
213.5,0,174.24,154.61,11.66,1052.3,775.48,28,45.939.785.879.999.900
213.5,0,174.24,154.61,11.66,1052.3,775.48,56,514.349.096
213.5,0,174.24,154.61,11.66,1052.3,775.48,100,5.930.183.076
277.19,97.82,24.46,160.7,11.19,1061.7,782.46,3,3.044.726.016
277.19,97.82,24.46,160.7,11.19,1061.7,782.46,14,477.117.392
277.19,97.82,24.46,160.7,11.19,1061.7,782.46,28,6.314.221.208
277.19,97.82,24.46,160.7,11.19,1061.7,782.46,56,6.682.401.392
277.19,97.82,24.46,160.7,11.19,1061.7,782.46,100,669.481.196
218.23,54.64,123.78,140.75,11.91,1075.7,792.67,3,2.742.046.052
218.23,54.64,123.78,140.75,11.91,1075.7,792.67,14,359.561.734
218.23,54.64,123.78,140.75,11.91,1075.7,792.67,28,5.550.971.276
218.23,54.64,123.78,140.75,11.91,1075.7,792.67,56,6.199.078.716
218.23,54.64,123.78,140.75,11.91,1075.7,792.67,100,63.528.318.639.999.900
214.9,53.8,121.89,155.63,9.61,1014.3,780.58,3,1.801.600.788
214.9,53.8,121.89,155.63,9.61,1014.3,780.58,14,3.860.376.124
214.9,53.8,121.89,155.63,9.61,1014.3,780.58,28,5.220.022.796
214.9,53.8,121.89,155.63,9.61,1014.3,780.58,56,5.395.839.176
214.9,53.8,121.89,155.63,9.61,1014.3,780.58,100,5.663.355.864
218.85,0,124.13,158.49,11.33,1078.7,794.91,3,15.340.841
218.85,0,124.13,158.49,11.33,1078.7,794.91,14,2.604.840.328
218.85,0,124.13,158.49,11.33,1078.7,794.91,28,30.219.733.079.999.900
218.85,0,124.13,158.49,11.33,1078.7,794.91,56,372.661.778
218.85,0,124.13,158.49,11.33,1078.7,794.91,100,462.293.658
376,0,0,214.6,0,1003.5,762.36,3,1.627.852.836
376,0,0,214.6,0,1003.5,762.36,14,2.562.092.816
376,0,0,214.6,0,1003.5,762.36,28,31.971.002.119.999.900
376,0,0,214.6,0,1003.5,762.36,56,363.009.114
376,0,0,214.6,0,1003.5,762.36,100,430.577.762
500,0,0,140,4,966,853,28,67.568.648
475,0,59,142,1.9,1098,641,28,57.226.507.999.999.900
315,137,0,145,5.9,1130,745,28,8.175.116.932
505,0,60,195,0,1030,630,28,640.178.466
451,0,0,165,11.25,1030,745,28,7.880.021.203.999.990
516,0,0,162,8.2,801,802,28,4.136.856
520,0,0,170,5.2,855,855,28,60.280.886.679.999.900
528,0,0,185,6.86,920,720,28,5.683.350.668
520,0,0,175,5.2,870,805,28,51.021.224
385,0,136,158,20,903,768,28,5.555.108.132
500.1,0,0,200,3,1124.4,613.2,28,4.413.335.876
450.1,50,0,200,3,1124.4,613.2,28,3.937.597.436
397,17.2,158,167,20.8,967,633,28,55.647.607.959.999.900
333,17.5,163,167,17.9,996,652,28,4.727.736.932
334,17.6,158,189,15.3,967,633,28,4.432.641.204
405,0,0,175,0,1120,695,28,5.230.364.936
200,200,0,190,0,1145,660,28,49.249.270.679.999.900
516,0,0,162,8.26,801,802,28,4.136.856
145,116,119,184,5.7,833,880,28,2.915.794.004
160,128,122,182,6.4,824,879,28,3.939.665.864
234,156,0,189,5.85,981,760,28,39.300.132
250,180,95,159,9.45,860,800,28,6.786.512.268
475,0,0,162,9.5,1044,662,28,58.522.722.879.999.900
285,190,0,163,7.6,1031,685,28,5.357.917.996
356,119,0,160,9.03,1061,657,28,5.899.846.132
275,180,120,162,10.35,830,765,28,7.623.536.132
500,0,0,151,9,1033,655,28,6.983.702.404
165,0.02,143.57,163.81,0,1005.6,900.9,3,1.439.625.888
165,128.5,132.1,175.06,8.08,1005.8,746.6,3,1.941.564.416
178.03,129.8,118.6,179.94,3.57,1007.3,746.8,3,2.072.564.856
167.35,129.9,128.62,175.46,7.79,1006.3,746.6,3,1.494.094.492
172.38,13.61,172.37,156.76,4.14,1006.3,856.4,3,2.129.101.888
173.54,50.05,173.53,164.77,6.47,1006.2,793.5,3,2.307.676.172
167,75.4,167,164.03,7.91,1007.3,770.1,3,15.520.104.759.999.900
173.81,93.37,159.9,172.34,9.73,1007.2,746.6,3,1.581.657.944
190.34,0,125.18,166.61,9.88,1079,798.9,3,125.484.632
250,0,95.69,191.84,5.33,948.9,857.2,3,848.744.956
213.5,0,174.24,159.21,11.66,1043.6,771.9,3,1.560.973.664
194.68,0,100.52,170.17,7.48,998,901.8,3,1.217.614.616
251.37,0,118.27,192.94,5.75,1043.6,754.3,3,1.198.309.288
165,0.02,143.57,163.81,0,1005.6,900.9,14,1.687.837.248
165,128.5,132.1,175.06,8.08,1005.8,746.6,14,3.308.795.324
178.03,129.8,118.6,179.94,3.57,1007.3,746.8,14,3.423.937.816
167.35,129.9,128.62,175.46,7.79,1006.3,746.6,14,31.812.422.639.999.900
172.38,13.61,172.37,156.76,4.14,1006.3,856.4,14,297.508.894
173.54,50.05,173.53,164.77,6.47,1006.2,793.5,14,3.300.521.612
167,75.4,167,164.03,7.91,1007.3,770.1,14,3.290.179.472
173.81,93.37,159.9,172.34,9.73,1007.2,746.6,14,2.955.094.136
190.34,0,125.18,166.61,9.88,1079,798.9,14,1.941.564.416
250,0,95.69,191.84,5.33,948.9,857.2,14,2.465.566.176
213.5,0,174.24,159.21,11.66,1043.6,771.9,14,29.592.309.919.999.900
194.68,0,100.52,170.17,7.48,998,901.8,14,2.428.334.472
251.37,0,118.27,192.94,5.75,1043.6,754.3,14,2.072.564.856
165,0.02,143.57,163.81,0,1005.6,900.9,28,26.200.088
165,128.5,132.1,175.06,8.08,1005.8,746.6,28,4.638.794.528
178.03,129.8,118.6,179.94,3.57,1007.3,746.8,28,391.622.368
167.35,129.9,128.62,175.46,7.79,1006.3,746.6,28,4.120.308.576
172.38,13.61,172.37,156.76,4.14,1006.3,856.4,28,3.368.779.736
173.54,50.05,173.53,164.77,6.47,1006.2,793.5,28,3.820.386.516
167,75.4,167,164.03,7.91,1007.3,770.1,28,4.140.992.856
173.81,93.37,159.9,172.34,9.73,1007.2,746.6,28,37.810.863.839.999.900
190.34,0,125.18,166.61,9.88,1079,798.9,28,2.484.871.504
250,0,95.69,191.84,5.33,948.9,857.2,28,2.722.051.248
213.5,0,174.24,159.21,11.66,1043.6,771.9,28,4.463.667.624
194.68,0,100.52,170.17,7.48,998,901.8,28,372.661.778
251.37,0,118.27,192.94,5.75,1043.6,754.3,28,3.327.411.176
165,0.02,143.57,163.81,0,1005.6,900.9,56,3.656.291.228
165,128.5,132.1,175.06,8.08,1005.8,746.6,,5.372.396.992
178.03,129.8,118.6,179.94,3.57,1007.3,746.8,56,48.587.373.719.999.900
167.35,129.9,128.62,175.46,7.79,1006.3,746.6,56,5.172.448.952
172.38,13.61,172.37,156.76,4.14,1006.3,856.4,56,35.852.751.999.999.900
173.54,50.05,173.53,164.77,6.47,1006.2,793.5,56,5.377.223.324
167,75.4,167,164.03,7.91,1007.3,770.1,56,5.346.196.904
173.81,93.37,159.9,172.34,9.73,1007.2,746.6,56,489.872.698
190.34,0,125.18,166.61,9.88,1079,798.9,56,31.715.896
250,0,95.69,191.84,5.33,948.9,857.2,,3.964.487
213.5,0,174.24,159.21,11.66,1043.6,771.9,56,5.125.564.584
194.68,0,100.52,170.17,7.48,998,901.8,56,43.388.724.679.999.900
251.37,0,118.27,192.94,5.75,1043.6,754.3,56,392.656.582
165,0.02,143.57,163.81,0,1005.6,900.9,100,379.556.538
165,128.5,132.1,175.06,8.08,1005.8,746.6,100,55.020.184.799.999.900
178.03,129.8,118.6,179.94,3.57,1007.3,746.8,100,4.999.390.476
167.35,129.9,128.62,175.46,7.79,1006.3,746.6,100,5.365.502.232
172.38,13.61,172.37,156.76,4.14,1006.3,856.4,100,376.798.634
173.54,50.05,173.53,164.77,6.47,1006.2,793.5,,56.061.293.559.999.900
167,75.4,167,164.03,7.91,1007.3,770.1,,568.128.224
173.81,93.37,159.9,172.34,9.73,1007.2,746.6,100,5.093.848.688
190.34,0,125.18,166.61,9.88,1079,798.9,100,3.356.369.168
250,0,95.69,191.84,5.33,948.9,857.2,100,411.617.172
213.5,0,174.24,159.21,11.66,1043.6,771.9,100,5.295.865.156
194.68,0,100.52,170.17,7.48,998,901.8,100,4.427.814.872
251.37,0,118.27,192.94,5.75,1043.6,754.3,100,4.014.818.748
446,24,79,162,11.61,967,712,28,5.702.655.996
446,24,79,162,11.64,967,712,28,4.442.293.868
446,24,79,162,11.64,967,712,28,51.021.224
446,24,79,162,10.3,967,712,28,5.338.612.668
446,24,79,162,11.61,967,712,3,3.536.322.404
446,24,79,162,11.64,967,712,3,25.021.084.039.999.900
446,24,79,162,11.64,967,712,3,2.334.565.736
446,24,79,162,11.61,967,712,7,5.200.717.468
446,24,79,162,11.64,967,712,7,3.801.770.664
446,24,79,162,11.64,967,712,7,39.300.132
446,24,79,162,11.61,967,712,56,6.106.688.932
446,24,79,162,11.64,967,712,56,5.614.403.068
446,24,79,162,11.64,967,712,56,5.525.460.664
446,24,79,162,10.3,967,712,56,54.765.078.679.999.900
387,20,94,157,14.32,938,845,28,5.023.522.136
387,20,94,157,13.93,938,845,28,4.668.441.996
387,20,94,157,11.61,938,845,28,4.668.441.996
387,20,94,157,14.32,938,845,3,22.752.708
387,20,94,157,13.93,938,845,3,25.510.612
387,20,94,157,11.61,938,845,3,3.477.027.468
387,20,94,157,14.32,938,845,7,3.683.870.268
387,20,94,157,13.93,938,845,7,4.589.841.732
387,20,94,157,11.61,938,845,7,4.166.503.468
387,20,94,157,14.32,938,845,56,5.633.708.396
387,20,94,157,13.93,938,845,56,4.796.684.532
387,20,94,157,11.61,938,845,56,6.145.989.064
355,19,97,145,13.13,967,871,28,4.402.993.736
355,19,97,145,12.25,967,871,28,5.545.455.468
491,26,123,210,3.93,882,699,28,5.555.108.132
491,26,123,201,3.93,822,699,28,57.915.983.999.999.900
491,26,123,210,3.93,882,699,3,2.560.910.856.945.860
491,26,123,210,3.93,882,699,7,33.488.834.284.729.300
491,26,123,210,3.93,882,699,56,59.590.425.715.270.600
491,26,123,201,3.93,822,699,3,2.954.897.143.054.130
491,26,123,201,3.93,822,699,7,3.792.118
491,26,123,201,3.93,822,699,56,6.185.584.685.418.790
424,22,132,178,8.48,822,750,28,62.052.839.999.999.900
424,22,132,178,8.48,882,750,3,3.201.138.571.527.060
424,22,132,168,8.92,822,750,28,7.209.850.532
424,22,132,178,8.48,822,750,7,39.004.642.284.729.300
424,22,132,178,8.48,822,750,56,6.569.721.314.581.200
424,22,132,168,8.92,822,750,3,32.109.882.284.729.300
424,22,132,168,8.92,822,750,7,4.028.509.771.527.060
424,22,132,168,8.92,822,750,56,743.649.114.581.204
202,11,141,206,1.72,942,801,28,2.196.670.536
202,11,141,206,1.72,942,801,3,984.965.714.581.204
202,11,141,206,1.72,942,801,7,15.069.975.430.541.300
202,11,141,206,1.72,942,801,56,2.324.519.085.418.790
284,15,141,179,5.46,842,801,28,43.733.462.679.999.900
284,15,141,179,5.46,842,801,3,13.395.533.715.270.600
284,15,141,179,5.46,842,801,7,2.413.166
284,15,141,179,5.46,842,801,56,44.520.450.284.729.300
359,19,141,154,10.91,942,801,28,62.935.369.279.999.900
359,19,141,154,10.91,942,801,28,59.494.884.039.999.900
359,19,141,154,10.91,942,801,3,2.511.662.571.527.060
359,19,141,154,10.91,942,801,3,23.639.177.145.812.000
359,19,141,154,10.91,942,801,7,3.575.425.543.054.130
359,19,141,154,10.91,942,801,7,38.610.656
359,19,141,154,10.91,942,801,56,6.875.060.685.418.790
359,19,141,154,10.91,942,801,56,6.678.067.543.054.130
436,0,0,218,0,838.4,719.7,28,2.384.897.484
289,0,0,192,0,913.2,895.3,90,32.068.218.236
289,0,0,192,0,913.2,895.3,3,11.654.902.304
393,0,0,192,0,940.6,785.6,3,19.199.148.695.999.900
393,0,0,192,0,940.6,785.6,90,48.846.616.696
393,0,0,192,0,940.6,785.6,28,39.604.880.392
480,0,0,192,0,936.2,712.2,28,43.942.373.908
480,0,0,192,0,936.2,712.2,7,34.569.637.164
480,0,0,192,0,936.2,712.2,90,54.315.540.328
480,0,0,192,0,936.2,712.2,3,24.404.692.496
333,0,0,192,0,931.2,842.6,3,15.615.941.924
255,0,0,192,0,889.8,945,90,21.859.147.104
255,0,0,192,0,889.8,945,7,10.222.171.176
289,0,0,192,0,913.2,895.3,7,14.596.896.395.999.900
255,0,0,192,0,889.8,945,28,18.746.162.964
333,0,0,192,0,931.2,842.6,28,31.966.865.263.999.900
333,0,0,192,0,931.2,842.6,7,23.404.952.295.999.900
289,0,0,192,0,913.2,895.3,28,25.573.354.316
333,0,0,192,0,931.2,842.6,90,41.680.203.152
393,0,0,192,0,940.6,785.6,7,27.742.445.811.999.900
255,0,0,192,0,889.8,945,3,8.204.074.924
158.8,238.2,0,185.7,0,1040.6,734.3,7,9.617.500.724.000.000
239.6,359.4,0,185.7,0,941.6,664.3,7,25.422.359.072
238.2,158.8,0,185.7,0,1040.6,734.3,7,15.691.094.808
181.9,272.8,0,185.7,0,1012.4,714.3,28,27.935.499.091.999.900
193.5,290.2,0,185.7,0,998.2,704.3,28,32.626.693.796.000.000
255.5,170.3,0,185.7,0,1026.6,724.3,7,17.236.210.524
272.8,181.9,0,185.7,0,1012.4,714.3,7,19.765.208.492
239.6,359.4,0,185.7,0,941.6,664.3,28,39.435.269.296
220.8,147.2,0,185.7,0,1055,744.3,28,25.745.033.839.999.900
397,0,0,185.7,0,1040.6,734.3,28,33.082.437.432
382.5,0,0,185.7,0,1047.8,739.3,7,24.065.470.304
210.7,316.1,0,185.7,0,977,689.3,7,21.819.846.971.999.900
158.8,238.2,0,185.7,0,1040.6,734.3,28,21.066.249.704
295.8,0,0,185.7,0,1091.4,769.3,7,14.843.728.804
255.5,170.3,0,185.7,0,1026.6,724.3,28,32.051.670.812
203.5,135.7,0,185.7,0,1076.2,759.3,7,11.957.582.268
397,0,0,185.7,0,1040.6,734.3,7,25.447.869.684
381.4,0,0,185.7,0,1104.6,784.3,28,22.489.328.168
295.8,0,0,185.7,0,1091.4,769.3,28,25.216.895.223.999.900
228,342.1,0,185.7,0,955.8,674.3,28,39.699.338.604
220.8,147.2,0,185.7,0,1055,744.3,7,13.089.012.384
316.1,210.7,0,185.7,0,977,689.3,28,3.870.028.788
135.7,203.5,0,185.7,0,1076.2,759.3,7,7.507.014.687.999.990
238.1,0,0,185.7,0,1118.8,789.3,28,17.576.122.192
339.2,0,0,185.7,0,1069.2,754.3,7,21.179.323.768
135.7,203.5,0,185.7,0,1076.2,759.3,28,1.819.871.902
193.5,290.2,0,185.7,0,998.2,704.3,7,17.200.357.771.999.900
203.5,135.7,0,185.7,0,1076.2,759.3,28,22.629.981.272
290.2,193.5,0,185.7,0,998.2,704.3,7,21.859.147.104
181.9,272.8,0,185.7,0,1012.4,714.3,7,1.237.264.682
170.3,155.5,0,185.7,0,1026.6,724.3,28,25.726.417.988
210.7,316.1,0,185.7,0,977,689.3,28,37.813.621.743.999.900
228,342.1,0,185.7,0,955.8,674.3,7,21.917.063.088
290.2,193.5,0,185.7,0,998.2,704.3,28,330.431.373
381.4,0,0,185.7,0,1104.6,784.3,7,1.454.104.884
238.2,158.8,0,185.7,0,1040.6,734.3,28,2.691.369.566
186.2,124.1,0,185.7,0,1083.4,764.3,7,7.995.853.172
339.2,0,0,185.7,0,1069.2,754.3,28,31.899.986.092
238.1,0,0,185.7,0,1118.8,789.3,7,10.335.934.715.999.900
252.5,0,0,185.7,0,1111.6,784.3,28,19.765.208.492
382.5,0,0,185.7,0,1047.8,739.3,28,37.437.857.324
252.5,0,0,185.7,0,1111.6,784.3,7,11.483.912.255.999.900
316.1,210.7,0,185.7,0,977,689.3,7,24.437.787.344
186.2,124.1,0,185.7,0,1083.4,764.3,28,17.596.806.471.999.900
170.3,155.5,0,185.7,0,1026.6,724.3,7,10.730.314.988
272.8,181.9,0,185.7,0,1012.4,714.3,28,3.138.150.014
339,0,0,197,0,968,781,3,1.322.414.968
339,0,0,197,0,968,781,7,2.096.696.516
339,0,0,197,0,968,781,14,2.704.124.872
339,0,0,197,0,968,781,28,32.039.949.719.999.900
339,0,0,197,0,968,781,90,3.517.017.076
339,0,0,197,0,968,781,180,3.644.570.136
339,0,0,197,0,968,781,365,3.889.334.116
236,0,0,194,0,968,885,3,6.467.284.879.999.990
236,0,0,194,0,968,885,14,1.283.804.312
236,0,0,194,0,968,885,28,18.415.903.959.999.900
236,0,0,194,0,968,885,90,21.946.021.079.999.900
236,0,0,193,0,968,885,180,24.104.080.959.999.900
236,0,0,193,0,968,885,365,25.083.136.879.999.900
277,0,0,191,0,968,856,14,2.126.343.984
277,0,0,191,0,968,856,28,25.965.666.159.999.900
277,0,0,191,0,968,856,3,1.136.256.448
277,0,0,191,0,968,856,90,3.125.394.708
277,0,0,191,0,968,856,180,3.232.952.964
277,0,0,191,0,968,856,360,3.370.158.688
254,0,0,198,0,968,863,3,9.307.926
254,0,0,198,0,968,863,90,2.694.472.208
254,0,0,198,0,968,863,180,2.762.730.332
254,0,0,198,0,968,863,365,297.853.632
307,0,0,193,0,968,812,180,3.448.758.952
307,0,0,193,0,968,812,365,3.614.922.668
307,0,0,193,0,968,812,3,12.541.568.439.999.900
307,0,0,193,0,968,812,28,2.753.077.668
307,0,0,193,0,968,812,90,32.922.478.999.999.900
236,0,0,193,0,968,885,7,999.050.724
200,0,0,180,0,1125,845,7,78.393.421.199.999.900
200,0,0,180,0,1125,845,28,1.224.509.376
225,0,0,181,0,1113,833,7,11.169.511.199.999.900
225,0,0,181,0,1113,833,28,173.403.214
325,0,0,184,0,1063,783,7,1.754.026.944
325,0,0,184,0,1063,783,28,3.057.136.584
275,0,0,183,0,1088,808,7,142.032.056
275,0,0,183,0,1088,808,28,2.449.708.228
300,0,0,184,0,1075,795,7,15.575.262.839.999.900
300,0,0,184,0,1075,795,28,26.848.195.439.999.900
375,0,0,186,0,1038,758,7,260.621.928
375,0,0,186,0,1038,758,28,3.821.075.992
400,0,0,187,0,1025,745,28,4.369.898.888
400,0,0,187,0,1025,745,7,30.143.890.719.999.900
250,0,0,182,0,1100,820,7,1.273.462.172
250,0,0,182,0,1100,820,28,2.087.043.852
350,0,0,186,0,1050,770,7,2.027.748.916
350,0,0,186,0,1050,770,28,3.429.453.624
203.5,305.3,0,203.5,0,963.4,630,7,19.539.060.364
250.2,166.8,0,203.5,0,977.6,694.1,90,47.714.497.103.999.900
157,236,0,192,0,935.4,781.2,90,43.377.003.588
141.3,212,0,203.5,0,971.8,748.5,28,2.989.223.198
166.8,250.2,0,203.5,0,975.6,692.6,3,6.902.344.236
122.6,183.9,0,203.5,0,958.2,800.1,90,33.192.064.116.000.000
183.9,122.6,0,203.5,0,959.2,800,3,49.035.533.120.000.000
102,153,0,192,0,887,942,3,4.565.020.596
102,153,0,192,0,887,942,90,25.460.969.728.000.000
122.6,183.9,0,203.5,0,958.2,800.1,28,24.290.928.956
166.8,250.2,0,203.5,0,975.6,692.6,28,33.947.729.812
200,133,0,192,0,965.4,806.2,3,11.414.275.179.999.900
108.3,162.4,0,203.5,0,938.2,849,28,20.593.958.644
305.3,203.5,0,203.5,0,965.4,631,7,25.893.960.655.999.900
108.3,162.4,0,203.5,0,938.2,849,90,29.231.713.971.999.900
116,173,0,192,0,909.8,891.9,90,31.023.662.096.000.000
141.3,212,0,203.5,0,971.8,748.5,7,103.938.507
157,236,0,192,0,935.4,781.2,28,33.664.355.176
133,200,0,192,0,927.4,839.2,28,27.874.825.204
250.2,166.8,0,203.5,,977.6,694.1,7,1.935.014.394
173,116,0,192,0,946.8,856.8,7,11.392.211.948
192,288,0,192,0,929.8,716.1,3,12.788.400.847.999.900
192,288,0,192,0,929.8,716.1,28,39.321.505.756
153,102,0,192,0,888,943.1,3,4.782.205.536
288,192,0,192,0,932,717.8,3,1.610.960.674
305.3,203.5,0,203.5,0,965.4,631,28,43.377.003.588
236,157,0,192,0,972.6,749.1,7,20.416.073.836
173,116,0,192,0,946.8,856.8,3,6.940.954.892
212,141.3,0,203.5,0,973.4,750,7,15.030.576.799.999.900
236,157,0,192,0,972.6,749.1,3,13.565.440.299.999.900
183.9,122.6,0,203.5,0,959.2,800,90,3.253.292.506
166.8,250.2,0,203.5,0,975.6,692.6,7,15.748.321.315.999.900
102,153,0,192,0,887,942,7,7.675.936.308
288,192,0,192,0,932,717.8,28,38.804.398.756.000.000
212,141.3,0,203.5,,973.4,750,28,33.003.837.168
102,153,0,192,0,887,942,28,17.275.510.655.999.900
173,116,0,192,0,946.8,856.8,28,24.281.965.768
183.9,122.6,0,203.5,0,959.2,800,28,24.046.164.976
133,200,0,192,0,927.4,839.2,90,36.588.422.892
192,288,0,192,0,929.8,716.1,90,50.732.333.556
133,200,0,192,0,927.4,839.2,7,13.664.035.367.999.900
305.3,203.5,0,203.5,0,965.4,631,3,14.143.910.664
236,157,0,192,0,972.6,749.1,90,47.782.065.751.999.900
108.3,162.4,0,203.5,0,938.2,849,3,2.331.807.832
157,236,0,192,0,935.4,781.2,7,16.889.404.096
288,192,0,192,0,932,717.8,7,23.523.542.168
212,141.3,0,203.5,,973.4,750,3,68.085.755
212,141.3,0,203.5,0,973.4,750,90,39.700.028.079.999.900
153,102,0,192,0,888,943.1,28,1.796.429.718
236,157,0,192,0,972.6,749.1,28,3.288.455.782
116,173,0,192,0,909.8,891.9,28,22.347.985.588
183.9,122.6,0,203.5,0,959.2,800,7,10.787.541.496
108.3,162.4,0,203.5,0,938.2,849,7,7.723.510.152
203.5,305.3,0,203.5,0,963.4,630,28,41.684.340.008
203.5,305.3,0,203.5,0,963.4,630,3,9.561.653.168
133,200,0,192,,927.4,839.2,3,6.883.728.383.999.990
288,192,0,192,0,932,717.8,90,50.526.869.708
200,133,0,192,0,965.4,806.2,7,17.165.883.972
200,133,0,192,0,965.4,806.2,28,30.439.675.923.999.900
250.2,166.8,0,203.5,0,977.6,694.1,3,9.731.264.264
122.6,183.9,0,203.5,0,958.2,800.1,3,331.982.694
153,102,0,192,0,888,943.1,90,26.322.814.728
200,133,0,192,0,965.4,806.2,90,4.325.082.948
116,173,0,192,0,909.8,891.9,3,6.280.436.883.999.990
173,116,0,192,0,946.8,856.8,90,32.102.692.036
250.2,166.8,0,203.5,0,977.6,694.1,28,36.964.187.312
305.3,203.5,0,203.5,0,965.4,631,90,54.598.914.963.999.900
192,288,0,192,0,929.8,716.1,7,2.148.062.478
157,236,0,192,0,935.4,781.2,3,9.694.722.036
153,102,0,192,0,888,943.1,7,8.374.375.495.999.990
141.3,212,0,203.5,,971.8,748.5,90,396.621.069
116,173,0,192,0,909.8,891.9,7,10.089.791.784
141.3,212,0,203.5,0,971.8,748.5,3,4.827.710.952
122.6,183.9,0,203.5,0,958.2,800.1,7,10.354.550.567.999.900
166.8,250.2,0,203.5,0,975.6,692.6,90,43.565.230.536
203.5,305.3,0,203.5,0,963.4,630,90,51.863.763.672
310,0,0,192,0,1012,830,3,1.185.209.244
310,0,0,192,0,1012,830,7,1.724.379.476
310,0,0,192,0,1012,830,28,27.827.251.359.999.900
310,0,0,192,0,1012,830,90,35.763.120.119.999.900
310,0,0,192,0,1012,830,120,3.870.028.788
331,0,0,192,0,1025,821,3,14.306.626.999.999.900
331,0,0,192,0,1025,821,7,1.743.684.804
331,0,0,192,0,1025,821,28,3.174.347.504
331,0,0,192,0,1025,821,90,3.791.428.524
331,0,0,192,0,1025,821,120,39.382.869.119.999.900
349,0,0,192,0,1056,809,3,1.587.173.752
349,0,0,192,0,1056,809,7,9.011.451.319.999.990
349,0,0,192,,1056,809,28,3.360.506.024
349,0,0,192,0,1056,809,90,4.065.839.972
349,0,0,192,0,1056,809,120,4.085.834.776
238,0,0,186,0,1119,789,7,12.052.040.479.999.900
238,0,0,186,0,1119,789,28,1.754.026.944
296,0,0,186,0,1090,769,7,1.891.232.668
296,0,0,186,,1090,769,28,2.517.966.352
297,0,0,186,0,1040,734,7,309.574.724
480,0,0,192,0,936,721,28,43.892.042.159.999.900
480,0,0,192,,936,721,90,5.427.555.072
397,0,0,186,0,1040,734,28,3.693.522.932
281,0,0,186,0,1104,774,7,1.449.968.028
281,0,0,185,0,1104,774,28,22.435.549.039.999.900
500,0,0,200,0,1125,613,1,1.263.809.508
500,0,0,200,0,1125,613,3,260.621.928
500,0,0,200,0,1125,613,7,3.321.205.892
500,0,0,200,0,1125,613,14,3.693.522.932
500,0,0,200,0,1125,613,28,440.919.902
540,0,0,173,0,1125,613,7,5.261.391.356
540,0,0,173,0,1125,613,14,5.976.377.968
540,0,0,173,0,1125,613,28,6.730.664.712
540,0,0,173,,1125,613,90,6.965.776.027.999.990
540,0,0,173,0,1125,613,180,7.162.276.688
540,0,0,173,0,1125,613,270,7.416.693.332
350,0,0,203,,974,775,7,1.812.632.404
350,0,0,203,0,974,775,14,2.253.207.568
350,0,0,203,0,974,775,28,27.337.723.399.999.900
350,0,0,203,0,974,775,56,2.997.841.648
350,0,0,203,0,974,775,90,3.135.047.372
350,0,0,203,0,974,775,180,3.272.253.096
385,0,0,186,0,966,763,1,626.733.684
385,0,0,186,0,966,763,3,14.699.628.319.999.900
385,0,0,186,0,966,763,7,23.221.551.679.999.900
385,0,0,186,0,966,763,14,27.923.778
385,0,0,186,0,966,763,28,3.135.047.372
331,0,0,192,0,978,825,180,3.899.676.256
331,0,0,192,0,978,825,360,41.244.454.319.999.900
349,0,0,192,0,1047,806,3,1.498.920.824
331,0,0,192,0,978,825,3,1.352.062.436
382,0,0,186,,1047,739,7,2.400.065.956
382,0,0,186,0,1047,739,28,3.742.475.728
382,0,0,186,0,1111,784,7,1.146.598.588
281,0,0,186,0,1104,774,28,22.435.549.039.999.900
339,0,0,185,0,1069,754,7,21.160.018.439.999.900
339,0,0,185,0,1069,754,28,3.184.000.168
295,0,0,185,0,1069,769,7,14.796.154.959.999.900
295,0,0,185,0,1069,769,28,2.517.966.352
238,0,0,185,0,1118,789,28,1.754.026.944
296,0,0,192,0,1085,765,7,142.032.056
296,0,0,192,0,1085,765,28,216.495.464
296,0,0,192,0,1085,765,90,2.939.236.188
331,0,0,192,0,879,825,3,1.352.062.436
331,0,0,192,0,978,825,7,1.626.473.884
331,0,0,192,,978,825,28,3.144.700.036
331,0,0,192,0,978,825,90,37.231.704
349,0,0,192,0,1047,806,7,1.812.632.404
349,0,0,192,0,1047,806,28,3.272.253.096
349,0,0,192,0,1047,806,90,3.948.629.052
349,0,0,192,0,1047,806,180,4.105.140.104
349,0,0,192,0,1047,806,360,42.126.983.599.999.900
302,0,0,203,0,974,817,14,1.812.632.404
302,0,0,203,0,974,817,180,2.674.477.404
525,0,0,189,0,1125,613,180,61.921.839.559.999.900
500,0,0,200,0,1125,613,90,4.722.221.124
500,0,0,200,,1125,613,180,5.104.190.828
500,0,0,200,0,1125,613,270,5.515.808
540,0,0,173,0,1125,613,3,4.163.745.564
252,0,0,185,0,1111,784,7,1.371.367.764
252,0,0,185,0,1111,784,28,19.691.434.559.999.900
339,0,0,185,0,1060,754,28,316.469.484
393,0,0,192,0,940,758,3,1.910.537.996
393,0,0,192,0,940,758,28,3.958.281.716
393,0,0,192,0,940,758,90,4.879.421.652
382,0,0,185,0,1047,739,7,2.400.065.956
382,0,0,185,0,1047,739,28,3.742.475.728
252,0,0,186,0,1111,784,7,1.146.598.588
252,0,0,185,0,1111,784,28,19.691.434.559.999.900
310,0,0,192,,970,850,7,1.498.920.824
310,0,0,192,0,970,850,28,27.923.778
310,0,0,192,0,970,850,90,346.806.428
310,0,0,192,0,970,850,180,3.732.823.064
310,0,0,192,0,970,850,360,3.811.423.328
525,0,0,189,0,1125,613,3,3.379.811.352
525,0,0,189,0,1125,613,7,4.242.345.828
525,0,0,189,0,1125,613,14,48.401.215.199.999.900
525,0,0,189,,1125,613,28,5.594.408.264
525,0,0,189,0,1125,613,90,5.878.472.376
525,0,0,189,0,1125,613,270,6.711.359.384
322,0,0,203,0,974,800,14,2.077.391.188
322,0,0,203,0,974,800,28,2.517.966.352
322,0,0,203,0,974,800,180,2.958.541.516
302,0,0,203,0,974,817,28,217.529.678
397,0,0,185,0,1040,734,28,390.932.892
480,0,0,192,0,936,721,3,2.439.366.088
522,0,0,146,0,896,896,7,50.511.011.759.999.900
522,0,0,146,0,896,896,28,7.498.740.975.999.990
273,105,82,210,9,904,680,28,3.716.965.116
162,190,148,179,19,838,741,28,3.375.674.496
154,144,112,220,10,923,658,28,1.649.916.068
147,115,89,202,9,860,829,28,1.998.790.924
152,178,139,168,18,944,695,28,3.634.917.472
310,143,111,168,22,914,651,28,3.368.779.736
144,0,175,158,18,943,844,28,1.541.668.336
304,140,0,214,6,895,722,28,3.341.890.172
374,0,0,190,7,1013,730,28,3.905.192.064
159,149,116,175,15,953,720,28,2.767.556.664
153,239,0,200,6,1002,684,28,268.550.902
310,143,0,168,10,914,804,28,452.985.732
305,0,100,196,10,959,705,28,3.012.320.644
151,0,184,167,12,991,772,28,15.568.368.079.999.900
142,167,130,,11,883,785,28,446.090.972
298,137,107,201,6,878,655,28,5.352.402.188
321,164,0,190,5,870,774,28,5.721.271.848
366,187,0,191,7,824,757,28,6.590.701.084
280,129,100,172,9,825,805,28,5.282.075.636
252,97,76,194,8,835,821,28,33.398.217.439.999.900
165,0,150,182,12,1023,729,28,180.297.974
156,243,0,180,11,1022,698,28,3.736.270.444
160,188,146,203,11,829,710,28,3.283.974.188
298,0,107,186,6,879,815,28,4.263.719.584
318,0,126,210,6,861,737,28,400.585.556
287,121,94,188,9,904,696,28,41.940.825.079.999.900
326,166,0,174,9,882,790,28,61.232.363.559.999.900
356,0,142,193,11,801,778,28,40.865.242.519.999.900
132,207,161,179,5,867,736,28,33.301.690.799.999.900
322,149,0,186,8,951,709,28,5.242.086.028
164,0,200,181,13,849,846,28,1.508.573.488
314,0,113,170,10,925,783,28,3.845.897.128
321,0,128,182,11,870,780,28,3.725.928.304
140,164,128,237,6,869,656,28,35.225.328.839.999.900
288,121,0,177,7,908,829,28,4.213.387.836
298,0,107,,11,880,744,28,31.874.475.479.999.900
265,111,86,195,6,833,790,28,41.540.929
160,250,0,168,12,1049,688,28,3.945.181.672
166,260,0,183,13,859,827,28,3.791.428.524
276,116,90,180,9,870,768,28,4.427.814.872
322,0,116,196,10,818,813,28,3.117.810.472
149,139,109,193,6,892,780,28,2.369.039.536
159,187,0,176,11,990,789,28,32.763.899.519.999.900
261,100,78,201,9,864,761,28,3.239.847.724
237,92,71,247,6,853,695,28,2.862.704.352
313,0,113,178,8,1002,689,28,3.680.422.888
155,183,0,193,9,1047,697,28,1.828.490.352
146,230,0,,3,827,872,28,330.603.742
296,0,107,221,11,819,778,28,31.419.421.319.999.900
133,210,0,196,3,949,795,28,31.026.419.999.999.900
313,145,0,178,8,867,824,28,4.438.846.488
152,0,112,184,8,992,816,28,1.217.614.616
153,145,113,178,8,1002,689,28,2.555.887.532
140,133,103,,7,916,753,28,364.388.066
149,236,0,176,13,847,893,28,32.956.952.799.999.900
300,0,120,212,,878,728,28,2.383.518.532
153,145,113,178,8,867,824,28,2.622.766.704
148,0,137,158,16,1002,830,28,1.795.395.504
326,0,138,199,11,801,792,28,40.679.083.999.999.900
153,145,0,178,8,1000,822,28,1.900.885.332
262,111,86,195,5,895,733,28,337.153.764
158,0,195,220,11,898,713,28,853.571.288
151,0,185,167,16,1074,678,28,1.345.857.152
273,0,90,199,11,931,762,28,3.223.989.776
149,118,92,183,7,953,780,28,2.351.802.636
143,169,143,,8,967,643,28,2.972.331.036
260,101,78,171,,936,763,28,4.977.327.244
313,161,0,178,10,917,759,28,5.244.154.456
284,120,0,168,7,970,794,28,4.093.419.012
336,0,0,182,3,986,817,28,4.486.420.332
145,0,134,181,11,979,812,28,1.319.657.064
150,237,0,174,12,1069,675,28,37.431.652.039.999.900
144,170,133,192,8,814,805,28,2.986.810.032
331,170,0,195,8,811,802,28,5.661.287.436
155,0,143,193,9,1047,697,28,1.245.883.132
155,183,0,193,9,877,868,28,23.786.922
135,0,166,180,10,961,805,28,1.329.309.728
266,112,87,,10,910,745,28,39.417.342.919.999.900
314,145,113,179,8,869,690,28,462.293.658
313,145,0,127,8,1000,822,28,4.451.946.532
146,173,0,182,3,986,817,28,2.373.865.868
144,136,106,178,,941,774,28,2.614.492.992
148,0,182,181,15,839,884,28,15.520.104.759.999.900
277,117,91,191,7,946,666,28,435.748.832
298,0,107,164,13,953,784,28,3.585.964.676
313,145,0,178,8,1002,689,28,4.105.140.104
155,184,143,194,9,880,699,28,2.898.557.104
289,134,0,195,6,924,760,28,4.624.315.532
148,175,0,171,2,1000,828,28,2.691.714.304
145,0,179,,8,824,869,28,1.053.519.328
313,0,0,178,8,1000,822,28,250.969.264
136,162,126,172,10,923,764,28,2.906.830.816
155,0,143,193,9,877,868,28,9.735.401.119.999.990
255,99,77,189,6,919,749,28,3.379.811.352
162,207,172,216,10,822,638,28,3.984.481.804
136,196,98,199,6,847,783,28,2.696.540.636
164,163,128,197,8,961,641,28,27.234.302
162,214,164,202,10,820,680,,30.647.208.199.999.900
157,214,152,200,9,819,704,28,3.305.347.944
149,153,194,192,8,935,623,28,24.579.819.399.999.900
135,105,193,196,6,965,643,28,2.191.154.728
159,209,161,201,7,848,669,28,30.881.630.039.999.900
144,15,195,176,,1021,709,28,15.340.841
154,174,185,228,7,845,612,28,243.385.028
167,187,195,,7,898,636,28,238.903.434
184,86,190,,6,923,623,28,2.293.197.176
156,178,187,,7,854,614,28,2.941.304.616
236.9,91.7,71.5,,6,852.9,695.4,28,28.629.801.423.999.900
313.3,0,113,178.5,8,1001.9,688.7,28,36.804.918.356
154.8,183.4,0,193.3,9.1,1047.4,696.7,28,18.287.661.424
145.9,230.5,0,202.5,3.4,827,871.8,28,32.720.462.532
296,0,106.7,221.4,10.5,819.2,778.4,28,31.420.110.796.000.000
133.1,210.2,0,195.7,3.1,949.4,795.3,28,28.937.997.196
313.3,145,0,178.5,8,867.2,824,28,40.925.226.931.999.900
151.6,0,111.9,184.4,7.9,992,815.9,28,12.180.972.492
153.1,145,113,178.5,8,1001.9,688.7,28,25.559.564.796
139.9,132.6,103.3,200.3,7.4,916,753.4,28,36.443.632.932
149.5,236,0,175.8,12.6,846.8,892.7,28,3.296.384.756
299.8,0,119.8,211.5,9.9,878.2,727.6,28,23.835.874.796
153.1,145,113,178.5,8,867.2,824,28,26.233.182.848.000.000
148.1,0,136.6,158.1,16.1,1001.8,830.1,28,17.959.470.848.000.000
326.5,0,137.9,199,10.8,801.1,792.5,28,38.630.650.804
152.7,144.7,0,178.1,8,999.7,822.2,28,19.009.542.795.999.900
261.9,110.5,86.1,195.4,5,895.2,732.6,28,3.371.882.378
158.4,0,194.9,219.7,11,897.7,712.9,28,8.536.402.356
150.7,0,185.3,166.7,,1074.5,678,28,13.461.329.424
272.6,0,89.6,198.7,10.6,931.3,762.2,28,32.245.413.568.000.000
149,117.6,91.7,182.9,7.1,953.4,780.3,28,23.524.231.644
143,169.4,142.7,190.7,8.4,967.4,643.5,28,29.726.068.263.999.900
259.9,100.6,78.4,170.6,10.4,935.7,762.9,28,4.977.327.244
312.9,160.5,0,177.6,9.6,916.6,759.5,28,52.446.370.892
284,119.7,0,168.3,7.2,970.4,794.2,28,40.934.879.596
336.5,0,0,181.9,3.4,985.8,816.8,28,44.868.340.176.000.000
144.8,0,133.6,180.8,11.1,979.5,811.5,28,13.202.086.448
150,236.8,0,173.8,11.9,1069.3,674.8,28,37.431.652.039.999.900
143.7,170.2,132.6,191.6,8.5,814.1,805.3,28,29.870.858.223.999.900
330.5,169.6,0,194.9,8.1,811,802.3,28,56.619.079.643.999.900
154.8,0,142.8,193.3,9.1,1047.4,696.7,28,12.459.520.796
154.8,183.4,0,193.3,9.1,877.2,867.7,28,23.786.922
134.7,0,165.7,180.2,10,961,804.9,28,13.293.786.756
266.2,112.3,87.5,177.9,10.4,909.7,744.5,28,39.421.479.776
314,145.3,113.2,178.9,8,869.1,690.2,28,46.234.192.132
312.7,144.7,0,127.3,8,999.7,822.2,28,44.523.602.176.000.000
145.7,172.6,0,181.9,3.4,985.8,816.8,28,23.744.174.488
143.8,136.3,106.2,178.1,7.5,941.5,774.3,28,26.147.687.824
148.1,0,182.1,181.4,15,838.9,884.3,,15.526.310.044
277,116.8,91,190.6,7,946.5,665.6,28,4.357.833.058
298.1,0,107.5,163.6,12.8,953.2,784,28,3.586.585.204.399.990
313.3,145,0,178.5,8,1001.9,688.7,28,41.053.469.468
155.2,183.9,143.2,193.8,9.2,879.6,698.5,28,28.991.086.848.000.000
289,133.7,0,194.9,5.5,924.1,760.1,28,46.247.292.176
147.8,175.1,0,171.2,,1000,828.5,28,26.922.658.848
145.4,0,178.9,201.7,7.8,824,868.7,28,10.535.882.756
312.7,0,0,178.1,8,999.7,822.2,28,2.510.382.116
136.4,161.6,125.8,171.6,10.4,922.6,764.4,28,29.073.134.491.999.900
154.8,0,142.8,193.3,9.1,877.2,867.7,28,9.738.159.024
255.3,98.8,77,188.6,6.5,919,749.3,28,33.798.802.996
272.8,105.1,81.8,209.7,9,904,679.7,28,37.171.030.112
162,190.1,148.1,178.8,18.8,838.1,741.4,28,33.762.260.768
153.6,144.2,112.3,220.1,10.1,923.2,657.9,28,16.503.987.012
146.5,114.6,89.3,201.9,8.8,860,829.5,28,1.998.790.924
151.8,178.1,138.7,167.5,18.3,944,694.6,28,36.349.864.196
309.9,142.8,111.2,167.8,,913.9,651.2,,38.215.586.251.999.900
143.6,0,174.9,158.4,17.9,942.7,844.5,28,1.542.357.812
303.6,139.9,0,213.5,6.2,895.5,722.5,28,33.419.591.196
374.3,0,0,190.2,6.7,1013.2,730.4,28,39.056.057.496
158.6,148.9,116,175.1,15,953.3,719.7,28,27.681.082.448
152.6,238.7,0,200,6.3,1001.8,683.9,28,26.859.916.531.999.900
310,142.8,0,167.9,10,914.3,804,28,45.304.778.483.999.900
304.8,0,99.6,196,9.8,959.4,705.2,28,3.012.320.644
150.9,0,183.9,166.6,11.6,991.2,772.2,28,15.569.747.031.999.900
141.9,166.6,129.7,173.5,10.9,882.6,785.3,28,4.461.185.510.399.990
297.8,137.2,106.9,201.3,6,878.4,655.3,28,53.524.711.356
321.3,164.2,0,190.5,4.6,870,774,28,5.721.823.428.799.990
366,187,0,191.3,6.6,824.3,756.9,28,65.909.079.268
279.8,128.9,100.4,172.4,9.5,825.1,804.9,28,52.826.961.643.999.900
252.1,97.1,75.6,193.8,8.3,835.5,821.4,28,33.399.596.392
164.6,0,150.4,181.6,11.7,1023.3,728.9,28,18.033.934.256
155.6,243.5,0,180.3,10.7,1022,697.7,28,37.363.393.916
160.2,188,146.4,203.2,11.3,828.7,709.7,28,35.314.271.244
298.1,0,107,186.4,6.1,879,815.2,,426.440.906
317.9,0,126.5,209.7,5.7,860.5,736.6,28,40.062.002.979.999.900
287.3,120.5,93.9,187.6,9.2,904.4,695.9,28,43.798.273.423.999.900
325.6,166.4,0,174,8.9,881.6,790,28,6.123.581.094
355.9,0,141.6,193.3,11,801.4,778.4,28,408.686.899
132,206.5,160.9,178.9,5.5,866.9,735.6,28,33.306.517.131.999.900
322.5,148.6,0,185.8,8.5,951,709.5,28,52.426.376.088
164.2,0,200.1,181.2,12.6,849.3,846,28,15.091.250.688
313.8,0,112.6,169.9,10.1,925.3,782.9,28,38.461.039.708
321.4,0,127.9,182.5,11.5,870.1,779.7,28,37.265.488.323.999.900
139.7,163.9,127.7,236.7,5.8,868.6,655.6,28,35.225.328.839.999.900
288.4,121,0,177.4,7,907.9,829.5,28,4.214.008.364.399.990
298.2,0,107,209.7,11.1,879.6,744.2,,31.875.164.956.000.000
264.5,111,86.5,195.5,5.9,832.6,790.4,,41.542.307.951.999.900
159.8,250,0,168.4,12.2,1049.3,688.2,28,39.455.953.576
166,259.7,0,183.2,12.7,858.8,826.8,28,37.917.043.144
276.4,116,90.3,179.6,8.9,870.1,768.3,28,44.284.354.003.999.900
322.2,0,115.6,196,10.4,817.9,813.4,28,31.178.794.196.000.000
148.5,139.4,108.6,192.7,6.1,892.4,780,28,23.696.600.644
159.1,186.7,0,175.6,11.3,989.6,788.9,,32.768.036.376.000.000
260.9,100.5,78.3,200.6,8.6,864.5,761.5,28,32.401.235.144
